{
    "model_metric": [
        {
            "confusion_matrix": [
                [
                    303,
                    87
                ],
                [
                    16,
                    218
                ]
            ],
            "precision": 0.7147540983606557,
            "recall": 0.9316239316239316,
            "f1_score": 0.8089053803339518
        }
    ]
}