{
    "model_metric": [
        {
            "confusion_matrix": [
                [
                    303,
                    87
                ],
                [
                    16,
                    218
                ]
            ],
            "precision": 0.7147540983606557,
            "recall": 0.9316239316239316,
            "f1_score": 0.8089053803339518
        },
        {
            "confusion_matrix": [
                [
                    19,
                    223,
                    0
                ],
                [
                    129,
                    105,
                    0
                ],
                [
                    22,
                    126,
                    0
                ]
            ],
            "precision": 0.1987179487179487,
            "recall": 0.1987179487179487,
            "f1_score": 0.1987179487179487
        }
    ]
}