{
    "model_metric": [
        {
            "time_stamp": "10-09-2021_18:13:28",
            "confusion_matrix": [
                [
                    240,
                    2,
                    0
                ],
                [
                    42,
                    158,
                    34
                ],
                [
                    56,
                    0,
                    92
                ]
            ],
            "precision": [
                0.7100591715976331,
                0.9875,
                0.7301587301587301
            ],
            "recall": [
                0.9917355371900827,
                0.6752136752136753,
                0.6216216216216216
            ],
            "f1_score": [
                0.8275862068965518,
                0.802030456852792,
                0.6715328467153284
            ]
        }
    ]
}